Sample,Valid_Barcode,Mapping
BAL_1098,0.913437,0.628065
BAL_1376,0.92108,0.744994
BAL_1483,0.947108,0.842185
BAL_1523,0.954903,0.874334
BAL_1566,0.939875,0.854657
BAL_1676,0.960482,0.946745